order,id,date,time,title,url,visitCount,typedCount,transition
0,16641,5/6/2024,16:14:30,Quick Chrome History Export,https://chromewebstore.google.com/detail/quick-chrome-history-expo/hdfpifhfphhgjipcnfnolgalplokmmge,4,0,link
1,16735,5/6/2024,16:14:21,Chrome Web Store – Meus itens,https://chromewebstore.google.com/user/installed,1,0,link
2,16641,5/6/2024,16:14:09,Quick Chrome History Export,https://chromewebstore.google.com/detail/quick-chrome-history-expo/hdfpifhfphhgjipcnfnolgalplokmmge,4,0,link
3,16641,5/6/2024,16:14:08,Quick Chrome History Export,https://chromewebstore.google.com/detail/quick-chrome-history-expo/hdfpifhfphhgjipcnfnolgalplokmmge,4,0,link
4,16734,5/6/2024,16:12:01,[Imersão IA] Aula 1 - Prompts - Documentos Google,https://docs.google.com/document/d/130u8Kd6GewOsuRhoL4vWCENdh9ppDKabFAeUSWvYrlI/edit,1,0,link
5,16733,5/6/2024,16:12:01,[Imersão IA] Aula 1 - Prompts - Documentos Google,https://docs.google.com/document/d/130u8Kd6GewOsuRhoL4vWCENdh9ppDKabFAeUSWvYrlI/edit?usp=sharing,2,0,link
6,16733,5/6/2024,16:12:00,[Imersão IA] Aula 1 - Prompts - Documentos Google,https://docs.google.com/document/d/130u8Kd6GewOsuRhoL4vWCENdh9ppDKabFAeUSWvYrlI/edit?usp=sharing,2,0,link
7,16732,5/6/2024,16:11:59,Imagens - Google Drive,https://drive.google.com/drive/folders/1w8lfurPj3TakbhAiSiVtbMPji_PU-KNC,2,0,link
8,16732,5/6/2024,16:11:59,Imagens - Google Drive,https://drive.google.com/drive/folders/1w8lfurPj3TakbhAiSiVtbMPji_PU-KNC,2,0,link
9,16731,5/6/2024,16:11:59,Imagens - Google Drive,https://drive.google.com/drive/folders/1w8lfurPj3TakbhAiSiVtbMPji_PU-KNC?pli=1,1,0,link
10,16730,5/6/2024,16:11:59,Imagens - Google Drive,https://drive.google.com/drive/folders/1w8lfurPj3TakbhAiSiVtbMPji_PU-KNC?usp=sharing&pli=1,1,0,link
11,16724,5/6/2024,13:52:53,Dono de Mercedes vive impune após batida deixar bebê paraplégico,https://noticias.uol.com.br/cotidiano/ultimas-noticias/2024/05/06/acidente-imigrantes-mortos-paraplegicos-liberdade.htm?utm_source=twitter&utm_medium=social-media&utm_campaign=noticias&utm_content=geral,1,0,link
12,16723,5/6/2024,12:41:03,Como ampliar a exibição de saída para ver mais colunas no dataframe do Pandas? – Acervo Lima,https://acervolima.com/como-ampliar-a-exibicao-de-saida-para-ver-mais-colunas-no-dataframe-do-pandas/#google_vignette,1,0,link
13,16722,5/6/2024,12:31:14,df.value_counts() ou df.groupby([' ']).count? | Python Pandas: tratando e analisando dados | Solucionado,https://cursos.alura.com.br/forum/topico-df-value_counts-ou-df-groupby-count-189396,1,0,link
14,16720,5/6/2024,12:31:11,como filtrar um dataset pelo value_counts - Pesquisa Google,https://www.google.com/search?q=como+filtrar+um+dataset+pelo+value_counts&oq=como+filtrar+um+dataset+pelo+value_counts&gs_lcrp=EgZjaHJvbWUyBggAEEUYOdIBCDk3NzdqMGo0qAIAsAIB&sourceid=chrome&ie=UTF-8,3,0,generated
15,16721,5/6/2024,12:31:05,python - Filtrar Dataset a partir de um groupby - Stack Overflow em Português,https://pt.stackoverflow.com/questions/474989/filtrar-dataset-a-partir-de-um-groupby,1,0,link
16,16720,5/6/2024,12:30:59,como filtrar um dataset pelo value_counts - Pesquisa Google,https://www.google.com/search?q=como+filtrar+um+dataset+pelo+value_counts&oq=como+filtrar+um+dataset+pelo+value_counts&gs_lcrp=EgZjaHJvbWUyBggAEEUYOdIBCDk3NzdqMGo0qAIAsAIB&sourceid=chrome&ie=UTF-8,3,0,link
17,16720,5/6/2024,12:30:59,como filtrar um dataset pelo value_counts - Pesquisa Google,https://www.google.com/search?q=como+filtrar+um+dataset+pelo+value_counts&oq=como+filtrar+um+dataset+pelo+value_counts&gs_lcrp=EgZjaHJvbWUyBggAEEUYOdIBCDk3NzdqMGo0qAIAsAIB&sourceid=chrome&ie=UTF-8,3,0,generated
18,16624,5/6/2024,12:26:39,Ummy online video downloader - download de videos online,https://ummy.net/pt33ZN/,4,1,link
19,16719,5/6/2024,12:23:31,Como ampliar a exibição de saída para ver mais colunas no dataframe do Pandas? – Acervo Lima,https://acervolima.com/como-ampliar-a-exibicao-de-saida-para-ver-mais-colunas-no-dataframe-do-pandas/,1,0,link
20,16717,5/6/2024,12:23:27,exibir todas colunas pandas - Pesquisa Google,https://www.google.com/search?q=exibir+todas+colunas+pandas&oq=exibir+todas+colunas+pandas&gs_lcrp=EgZjaHJvbWUyBggAEEUYOdIBCDY0ODBqMGo0qAIAsAIB&sourceid=chrome&ie=UTF-8,4,0,generated
21,16717,5/6/2024,12:23:17,exibir todas colunas pandas - Pesquisa Google,https://www.google.com/search?q=exibir+todas+colunas+pandas&oq=exibir+todas+colunas+pandas&gs_lcrp=EgZjaHJvbWUyBggAEEUYOdIBCDY0ODBqMGo0qAIAsAIB&sourceid=chrome&ie=UTF-8,4,0,generated
22,16718,5/6/2024,12:22:54,Visualizar as 20 colunas | Data Science | Alura - Cursos online de tecnologia,https://cursos.alura.com.br/forum/topico-visualizar-as-20-colunas-152257,1,0,link
23,16717,5/6/2024,12:22:52,exibir todas colunas pandas - Pesquisa Google,https://www.google.com/search?q=exibir+todas+colunas+pandas&oq=exibir+todas+colunas+pandas&gs_lcrp=EgZjaHJvbWUyBggAEEUYOdIBCDY0ODBqMGo0qAIAsAIB&sourceid=chrome&ie=UTF-8,4,0,link
24,16717,5/6/2024,12:22:51,exibir todas colunas pandas - Pesquisa Google,https://www.google.com/search?q=exibir+todas+colunas+pandas&oq=exibir+todas+colunas+pandas&gs_lcrp=EgZjaHJvbWUyBggAEEUYOdIBCDY0ODBqMGo0qAIAsAIB&sourceid=chrome&ie=UTF-8,4,0,generated
25,16693,5/6/2024,12:14:12,Untitled prompt | Google AI Studio,https://aistudio.google.com/app/prompts/new_chat,3,0,link
26,16716,5/6/2024,12:13:46,Tentativa frustrada de instalar o gemini em Jupyter Notebook | Google AI Studio,https://aistudio.google.com/app/prompts/1cOBX4Rrps8tPWbblka1NWRqpdcEzIVag,1,0,link
27,16715,5/6/2024,11:44:51,ModuleNotFoundError: No module named 'gemini-python',https://www.roseindia.net/answers/viewqa/pythonquestions/108138-ModuleNotFoundError-No-module-named-gemini-python.html,1,0,link
28,16713,5/6/2024,11:44:48,No module named 'gemini' - Pesquisa Google,https://www.google.com/search?q=No+module+named+%27gemini%27&oq=No+module+named+%27gemini%27&gs_lcrp=EgZjaHJvbWUyBggAEEUYOdIBBzk0MWowajeoAgCwAgA&sourceid=chrome&ie=UTF-8,3,0,generated
29,16714,5/6/2024,11:40:38,ModuleNotFoundError: No module named 'gemini',https://www.roseindia.net/answers/viewqa/pythonquestions/108132-ModuleNotFoundError-No-module-named-gemini.html,1,0,link
30,16713,5/6/2024,11:40:35,No module named 'gemini' - Pesquisa Google,https://www.google.com/search?q=No+module+named+%27gemini%27&oq=No+module+named+%27gemini%27&gs_lcrp=EgZjaHJvbWUyBggAEEUYOdIBBzk0MWowajeoAgCwAgA&sourceid=chrome&ie=UTF-8,3,0,link
31,16713,5/6/2024,11:40:34,No module named 'gemini' - Pesquisa Google,https://www.google.com/search?q=No+module+named+%27gemini%27&oq=No+module+named+%27gemini%27&gs_lcrp=EgZjaHJvbWUyBggAEEUYOdIBBzk0MWowajeoAgCwAgA&sourceid=chrome&ie=UTF-8,3,0,generated
32,16712,5/6/2024,11:34:45,IMDB PT-BR,https://www.kaggle.com/datasets/luisfredgs/imdb-ptbr,4,0,link
33,16712,5/6/2024,11:34:45,IMDB PT-BR,https://www.kaggle.com/datasets/luisfredgs/imdb-ptbr,4,0,link
34,16712,5/6/2024,11:34:45,IMDB PT-BR,https://www.kaggle.com/datasets/luisfredgs/imdb-ptbr,4,0,link
35,16712,5/6/2024,11:34:45,IMDB PT-BR,https://www.kaggle.com/datasets/luisfredgs/imdb-ptbr,4,0,link
36,16711,5/6/2024,11:34:21,imdb movie reviews dataset - Pesquisa Google,https://www.google.com/search?q=imdb+movie+reviews+dataset&sca_esv=51c078bef5da6778&sxsrf=ADLYWILADrcTqT2h_79o8ZSWcfG0tEfxAg%3A1715006029226&ei=Teo4Zse3DdrT1sQPloGvwAU&udm=&oq=imdb+movie+re&gs_lp=Egxnd3Mtd2l6LXNlcnAiDWltZGIgbW92aWUgcmUqAggBMgcQABiABBgTMgcQABiABBgTMgcQABiABBgTMgcQABiABBgTMgcQABiABBgTMgcQABiABBgTMgcQABiABBgTMgcQABiABBgTMgcQABiABBgTMgcQABiABBgTSOAyUABYrh5wAngAkAEAmAGeAaAB5QuqAQQwLjEyuAEDyAEA-AEBmAIOoALBDMICCxAAGIAEGLEDGIMBwgIFEAAYgATCAgUQLhiABMICBhAAGBYYHsICFBAuGIAEGJcFGNwEGN4EGOAE2AEBwgIMECMYgAQYExgnGIoFwgIOEAAYgAQYsQMYgwEYigXCAgQQABgDmAMAugYGCAEQARgUkgcEMi4xMqAH-kQ&sclient=gws-wiz-serp,2,0,link
37,16711,5/6/2024,11:34:21,imdb movie reviews dataset - Pesquisa Google,https://www.google.com/search?q=imdb+movie+reviews+dataset&sca_esv=51c078bef5da6778&sxsrf=ADLYWILADrcTqT2h_79o8ZSWcfG0tEfxAg%3A1715006029226&ei=Teo4Zse3DdrT1sQPloGvwAU&udm=&oq=imdb+movie+re&gs_lp=Egxnd3Mtd2l6LXNlcnAiDWltZGIgbW92aWUgcmUqAggBMgcQABiABBgTMgcQABiABBgTMgcQABiABBgTMgcQABiABBgTMgcQABiABBgTMgcQABiABBgTMgcQABiABBgTMgcQABiABBgTMgcQABiABBgTMgcQABiABBgTSOAyUABYrh5wAngAkAEAmAGeAaAB5QuqAQQwLjEyuAEDyAEA-AEBmAIOoALBDMICCxAAGIAEGLEDGIMBwgIFEAAYgATCAgUQLhiABMICBhAAGBYYHsICFBAuGIAEGJcFGNwEGN4EGOAE2AEBwgIMECMYgAQYExgnGIoFwgIOEAAYgAQYsQMYgwEYigXCAgQQABgDmAMAugYGCAEQARgUkgcEMi4xMqAH-kQ&sclient=gws-wiz-serp,2,0,form_submit
38,16708,5/6/2024,11:34:11,imdb 50k - Pesquisa Google,https://www.google.com/search?q=imdb+50k&oq=imdb+50k&gs_lcrp=EgZjaHJvbWUyBggAEEUYOTIGCAEQRRg80gEIMzk2OWowajeoAgCwAgA&sourceid=chrome&ie=UTF-8,4,0,generated
39,16710,5/6/2024,11:34:05,IMDB Dataset of 50K Movie Reviews,https://www.kaggle.com/datasets/lakshmi25npathi/imdb-dataset-of-50k-movie-reviews,4,0,link
40,16710,5/6/2024,11:34:05,IMDB Dataset of 50K Movie Reviews,https://www.kaggle.com/datasets/lakshmi25npathi/imdb-dataset-of-50k-movie-reviews,4,0,link
41,16710,5/6/2024,11:34:05,IMDB Dataset of 50K Movie Reviews,https://www.kaggle.com/datasets/lakshmi25npathi/imdb-dataset-of-50k-movie-reviews,4,0,link
42,16710,5/6/2024,11:34:05,IMDB Dataset of 50K Movie Reviews,https://www.kaggle.com/datasets/lakshmi25npathi/imdb-dataset-of-50k-movie-reviews,4,0,link
43,16708,5/6/2024,11:34:00,imdb 50k - Pesquisa Google,https://www.google.com/search?q=imdb+50k&oq=imdb+50k&gs_lcrp=EgZjaHJvbWUyBggAEEUYOTIGCAEQRRg80gEIMzk2OWowajeoAgCwAgA&sourceid=chrome&ie=UTF-8,4,0,generated
44,16709,5/6/2024,11:33:55,50K (2020) - IMDb,https://www.imdb.com/title/tt6881446/,2,0,link
45,16709,5/6/2024,11:33:55,50K (2020) - IMDb,https://www.imdb.com/title/tt6881446/,2,0,link
46,16708,5/6/2024,11:33:49,imdb 50k - Pesquisa Google,https://www.google.com/search?q=imdb+50k&oq=imdb+50k&gs_lcrp=EgZjaHJvbWUyBggAEEUYOTIGCAEQRRg80gEIMzk2OWowajeoAgCwAgA&sourceid=chrome&ie=UTF-8,4,0,link
47,16708,5/6/2024,11:33:49,imdb 50k - Pesquisa Google,https://www.google.com/search?q=imdb+50k&oq=imdb+50k&gs_lcrp=EgZjaHJvbWUyBggAEEUYOTIGCAEQRRg80gEIMzk2OWowajeoAgCwAgA&sourceid=chrome&ie=UTF-8,4,0,generated
48,16707,5/6/2024,11:33:13,IMDb 50K movies Reviews-LSTM,https://www.kaggle.com/code/kareemellithy/imdb-50k-movies-reviews-lstm,2,0,link
49,16707,5/6/2024,11:33:13,IMDb 50K movies Reviews-LSTM,https://www.kaggle.com/code/kareemellithy/imdb-50k-movies-reviews-lstm,2,0,link
50,16706,5/6/2024,11:33:04,Search | Kaggle,https://www.kaggle.com/search?q=movies+imdb+reviews,1,0,link
51,16704,5/6/2024,11:33:02,Search | Kaggle,https://www.kaggle.com/search,23,0,link
52,16704,5/6/2024,11:33:00,Search | Kaggle,https://www.kaggle.com/search,23,0,link
53,16704,5/6/2024,11:33:00,Search | Kaggle,https://www.kaggle.com/search,23,0,link
54,16704,5/6/2024,11:33:00,Search | Kaggle,https://www.kaggle.com/search,23,0,link
55,16704,5/6/2024,11:33:00,Search | Kaggle,https://www.kaggle.com/search,23,0,link
56,16704,5/6/2024,11:32:59,Search | Kaggle,https://www.kaggle.com/search,23,0,link
57,16704,5/6/2024,11:32:59,Search | Kaggle,https://www.kaggle.com/search,23,0,link
58,16704,5/6/2024,11:32:59,Search | Kaggle,https://www.kaggle.com/search,23,0,link
59,16704,5/6/2024,11:32:58,Search | Kaggle,https://www.kaggle.com/search,23,0,link
60,16704,5/6/2024,11:32:57,Search | Kaggle,https://www.kaggle.com/search,23,0,link
61,16704,5/6/2024,11:32:55,Search | Kaggle,https://www.kaggle.com/search,23,0,link
62,16704,5/6/2024,11:32:55,Search | Kaggle,https://www.kaggle.com/search,23,0,link
63,16704,5/6/2024,11:32:54,Search | Kaggle,https://www.kaggle.com/search,23,0,link
64,16704,5/6/2024,11:32:54,Search | Kaggle,https://www.kaggle.com/search,23,0,link
65,16704,5/6/2024,11:32:54,Search | Kaggle,https://www.kaggle.com/search,23,0,link
66,16705,5/6/2024,11:32:49,Search | Kaggle,https://www.kaggle.com/search?q=movies,1,0,link
67,16704,5/6/2024,11:32:47,Search | Kaggle,https://www.kaggle.com/search,23,0,link
68,16704,5/6/2024,11:32:47,Search | Kaggle,https://www.kaggle.com/search,23,0,link
69,16704,5/6/2024,11:32:47,Search | Kaggle,https://www.kaggle.com/search,23,0,link
70,16704,5/6/2024,11:32:47,Search | Kaggle,https://www.kaggle.com/search,23,0,link
71,16704,5/6/2024,11:32:47,Search | Kaggle,https://www.kaggle.com/search,23,0,link
72,16704,5/6/2024,11:32:46,Search | Kaggle,https://www.kaggle.com/search,23,0,link
73,16704,5/6/2024,11:32:45,Search | Kaggle,https://www.kaggle.com/search,23,0,link
74,16704,5/6/2024,11:32:45,Search | Kaggle,https://www.kaggle.com/search,23,0,link
75,16703,5/6/2024,11:32:44,Kaggle: Your Home for Data Science,https://www.kaggle.com/,4,0,link
76,16703,5/6/2024,11:32:44,Kaggle: Your Home for Data Science,https://www.kaggle.com/,4,0,link
77,16703,5/6/2024,11:32:44,Kaggle: Your Home for Data Science,https://www.kaggle.com/,4,0,link
78,16703,5/6/2024,11:32:43,Kaggle: Your Home for Data Science,https://www.kaggle.com/,4,0,typed
79,16624,5/6/2024,11:26:38,Ummy online video downloader - download de videos online,https://ummy.net/pt33ZN/,4,1,link
80,16701,5/6/2024,11:24:26,arquivo .vcf - Pesquisa Google,https://www.google.com/search?q=arquivo+.vcf&oq=arquivo+.vcf&gs_lcrp=EgZjaHJvbWUyBggAEEUYOdIBCDQ1NjBqMGo3qAIAsAIA&sourceid=chrome&ie=UTF-8,2,0,link
81,16701,5/6/2024,11:24:25,arquivo .vcf - Pesquisa Google,https://www.google.com/search?q=arquivo+.vcf&oq=arquivo+.vcf&gs_lcrp=EgZjaHJvbWUyBggAEEUYOdIBCDQ1NjBqMGo3qAIAsAIA&sourceid=chrome&ie=UTF-8,2,0,generated
82,16693,5/6/2024,11:23:34,Untitled prompt | Google AI Studio,https://aistudio.google.com/app/prompts/new_chat,3,0,link
83,16700,5/6/2024,11:23:15,Clientes_logados_Microsft_Azure | Google AI Studio,https://aistudio.google.com/app/prompts/13G20d4yxBjlH9MGyJAXQFzQpyYM4Jk5O?hl=pt-br,1,0,link
84,16682,5/6/2024,11:22:48,Clientes_logados_Microsft_Azure | Google AI Studio,https://aistudio.google.com/app/prompts/new_chat?hl=pt-br,2,0,link
85,16699,5/6/2024,11:19:40,gemini-ai · GitHub Topics,https://github.com/topics/gemini-ai,4,0,link
86,16699,5/6/2024,11:19:40,gemini-ai · GitHub Topics,https://github.com/topics/gemini-ai,4,0,link
87,16699,5/6/2024,11:19:39,gemini-ai · GitHub Topics,https://github.com/topics/gemini-ai,4,0,link
88,16699,5/6/2024,11:19:39,gemini-ai · GitHub Topics,https://github.com/topics/gemini-ai,4,0,link
89,16698,5/6/2024,11:13:23,pandas.Series.value_counts — pandas 2.2.2 documentation,https://pandas.pydata.org/pandas-docs/stable/reference/api/pandas.Series.value_counts.html,1,0,link
90,16696,5/6/2024,11:13:18,value_count pandas - Pesquisa Google,https://www.google.com/search?q=value_count+pandas&oq=value_count+pandas&gs_lcrp=EgZjaHJvbWUyBggAEEUYOdIBCDU2MDJqMGo0qAIAsAIB&sourceid=chrome&ie=UTF-8,2,0,link
91,16696,5/6/2024,11:13:18,value_count pandas - Pesquisa Google,https://www.google.com/search?q=value_count+pandas&oq=value_count+pandas&gs_lcrp=EgZjaHJvbWUyBggAEEUYOdIBCDU2MDJqMGo0qAIAsAIB&sourceid=chrome&ie=UTF-8,2,0,generated
92,16695,5/6/2024,11:05:42,pandas.unique — pandas 2.2.2 documentation,https://pandas.pydata.org/docs/reference/api/pandas.unique.html,2,0,link
93,16695,5/6/2024,11:05:41,pandas.unique — pandas 2.2.2 documentation,https://pandas.pydata.org/docs/reference/api/pandas.unique.html,2,0,link
94,16694,5/6/2024,11:05:38,unique pandas - Pesquisa Google,https://www.google.com/search?q=unique+pandas&oq=unique+pandas&gs_lcrp=EgZjaHJvbWUyBggAEEUYOdIBCDI3OTBqMGo3qAIAsAIA&sourceid=chrome&ie=UTF-8,2,0,link
95,16694,5/6/2024,11:05:38,unique pandas - Pesquisa Google,https://www.google.com/search?q=unique+pandas&oq=unique+pandas&gs_lcrp=EgZjaHJvbWUyBggAEEUYOdIBCDI3OTBqMGo3qAIAsAIA&sourceid=chrome&ie=UTF-8,2,0,generated
96,16632,5/6/2024,11:03:19,Untitled - Jupyter Notebook,http://localhost:8888/notebooks/Untitled.ipynb?kernel_name=python3,2,0,link
97,16693,5/6/2024,10:59:23,Untitled prompt | Google AI Studio,https://aistudio.google.com/app/prompts/new_chat,3,0,link
98,16692,5/6/2024,10:54:09,Crie uma tabela separando em três colunas: paíse... - Planilhas Google,https://docs.google.com/spreadsheets/d/1t31OCrspyZZMQHnlyfEYHbugpBt4PbBAnfunHxxuQMw/edit#gid=495384935,3,0,link
99,16692,5/6/2024,10:54:09,Crie uma tabela separando em três colunas: paíse... - Planilhas Google,https://docs.google.com/spreadsheets/d/1t31OCrspyZZMQHnlyfEYHbugpBt4PbBAnfunHxxuQMw/edit#gid=495384935,3,0,link
100,16692,5/6/2024,10:54:09,Crie uma tabela separando em três colunas: paíse... - Planilhas Google,https://docs.google.com/spreadsheets/d/1t31OCrspyZZMQHnlyfEYHbugpBt4PbBAnfunHxxuQMw/edit#gid=495384935,3,0,link
101,16691,5/6/2024,10:54:08,Crie uma tabela separando em três colunas: paíse... - Planilhas Google,https://docs.google.com/spreadsheets/d/1t31OCrspyZZMQHnlyfEYHbugpBt4PbBAnfunHxxuQMw/edit,2,0,link
102,16691,5/6/2024,10:54:08,Crie uma tabela separando em três colunas: paíse... - Planilhas Google,https://docs.google.com/spreadsheets/d/1t31OCrspyZZMQHnlyfEYHbugpBt4PbBAnfunHxxuQMw/edit,2,0,link
103,16688,5/6/2024,10:47:37,Crie uma tabela separando em três colunas: paíse... - Planilhas Google,https://docs.google.com/spreadsheets/d/1tQC5aTeubIxph-Phfx6Vqi0nVjKEP8HwXIi6Xa_rmhM/edit#gid=757913890,3,0,link
104,16688,5/6/2024,10:47:37,Crie uma tabela separando em três colunas: paíse... - Planilhas Google,https://docs.google.com/spreadsheets/d/1tQC5aTeubIxph-Phfx6Vqi0nVjKEP8HwXIi6Xa_rmhM/edit#gid=757913890,3,0,link
105,16688,5/6/2024,10:47:36,Crie uma tabela separando em três colunas: paíse... - Planilhas Google,https://docs.google.com/spreadsheets/d/1tQC5aTeubIxph-Phfx6Vqi0nVjKEP8HwXIi6Xa_rmhM/edit#gid=757913890,3,0,link
106,16687,5/6/2024,10:47:36,Crie uma tabela separando em três colunas: paíse... - Planilhas Google,https://docs.google.com/spreadsheets/d/1tQC5aTeubIxph-Phfx6Vqi0nVjKEP8HwXIi6Xa_rmhM/edit,2,0,link
107,16687,5/6/2024,10:47:35,Crie uma tabela separando em três colunas: paíse... - Planilhas Google,https://docs.google.com/spreadsheets/d/1tQC5aTeubIxph-Phfx6Vqi0nVjKEP8HwXIi6Xa_rmhM/edit,2,0,link
108,16664,5/6/2024,10:47:05,Gemini,https://gemini.google.com/app/8429ebc328fb615e,2,0,link
109,16684,5/6/2024,10:40:08,Gemini,https://gemini.google.com/app/c_8429ebc328fb615e,1,0,link
110,16683,5/6/2024,10:39:57,Extensões,https://gemini.google.com/extensions,1,0,link
111,16682,5/6/2024,10:30:26,Clientes_logados_Microsft_Azure | Google AI Studio,https://aistudio.google.com/app/prompts/new_chat?hl=pt-br,2,0,link
112,16681,5/6/2024,10:30:25,Google AI Studio,https://aistudio.google.com/app/?hl=pt-br,1,0,link
113,16679,5/6/2024,10:30:24,Guia de início rápido do Google AI Studio  |  Google AI for Developers  |  Google for Developers,https://ai.google.dev/gemini-api/docs/ai-studio-quickstart?hl=pt-br,2,0,link
114,16679,5/6/2024,10:30:20,Guia de início rápido do Google AI Studio  |  Google AI for Developers  |  Google for Developers,https://ai.google.dev/gemini-api/docs/ai-studio-quickstart?hl=pt-br,2,0,link
115,16674,5/6/2024,10:30:12,Google AI Studio Gemini - Pesquisa Google,https://www.google.com/search?sca_esv=d201d7626ec35994&sxsrf=ADLYWIKQ7diAm-M-BedBAp0excIHfFgkLg:1715002180847&q=Google+AI+Studio+Gemini&sa=X&ved=2ahUKEwig5Zz-kPmFAxWRJrkGHTeQBqYQ1QJ6BAgrEAE&biw=1312&bih=620&dpr=1,2,0,link
116,16674,5/6/2024,10:30:12,Google AI Studio Gemini - Pesquisa Google,https://www.google.com/search?sca_esv=d201d7626ec35994&sxsrf=ADLYWIKQ7diAm-M-BedBAp0excIHfFgkLg:1715002180847&q=Google+AI+Studio+Gemini&sa=X&ved=2ahUKEwig5Zz-kPmFAxWRJrkGHTeQBqYQ1QJ6BAgrEAE&biw=1312&bih=620&dpr=1,2,0,link
117,16673,5/6/2024,10:30:09,google ai studio - Pesquisa Google,https://www.google.com/search?q=google+ai+studio&oq=google+ai+studio&gs_lcrp=EgZjaHJvbWUqBggAEEUYOzIGCAAQRRg7MgYIARBFGEAyBggCEEUYPDIGCAMQRRg8MgYIBBBFGEHSAQg0ODk1ajBqN6gCALACAA&sourceid=chrome&ie=UTF-8#ip=1,1,0,link
118,16666,5/6/2024,10:30:04,google ai studio - Pesquisa Google,https://www.google.com/search?q=google+ai+studio&oq=google+ai+studio&gs_lcrp=EgZjaHJvbWUqBggAEEUYOzIGCAAQRRg7MgYIARBFGEAyBggCEEUYPDIGCAMQRRg8MgYIBBBFGEHSAQg0ODk1ajBqN6gCALACAA&sourceid=chrome&ie=UTF-8,5,0,generated
119,16672,5/6/2024,10:30:01,Google Generative AI – Google AI,https://ai.google/discover/generativeai/,1,0,link
120,16666,5/6/2024,10:29:58,google ai studio - Pesquisa Google,https://www.google.com/search?q=google+ai+studio&oq=google+ai+studio&gs_lcrp=EgZjaHJvbWUqBggAEEUYOzIGCAAQRRg7MgYIARBFGEAyBggCEEUYPDIGCAMQRRg8MgYIBBBFGEHSAQg0ODk1ajBqN6gCALACAA&sourceid=chrome&ie=UTF-8,5,0,generated
121,16671,5/6/2024,10:29:56,Vertex AI Studio | Google Cloud,https://cloud.google.com/generative-ai-studio?hl=pt-BR,2,0,link
122,16671,5/6/2024,10:29:54,Vertex AI Studio | Google Cloud,https://cloud.google.com/generative-ai-studio?hl=pt-BR,2,0,link
123,16666,5/6/2024,10:29:50,google ai studio - Pesquisa Google,https://www.google.com/search?q=google+ai+studio&oq=google+ai+studio&gs_lcrp=EgZjaHJvbWUqBggAEEUYOzIGCAAQRRg7MgYIARBFGEAyBggCEEUYPDIGCAMQRRg8MgYIBBBFGEHSAQg0ODk1ajBqN6gCALACAA&sourceid=chrome&ie=UTF-8,5,0,generated
124,16670,5/6/2024,10:29:45,Produtos e serviços de IA e machine learning | Google Cloud,https://cloud.google.com/products/ai?utm_source=google&utm_medium=cpc&utm_campaign=latam-BR-all-pt-dr-BKWS-all-all-trial-p-dr-1707800-LUAC0014875&utm_content=text-ad-none-any-DEV_c-CRE_547331812258-ADGP_Hybrid+%7C+BKWS+-+PHR+%7C+Txt_AI+and+ML-General-KWID_43700066537017029-kwd-301796808640&utm_term=KW_google+ai-ST_Google+AI&gad_source=1&gclid=Cj0KCQjw_-GxBhC1ARIsADGgDjulc2yHoCE4NLnlvNx_HXTKvtrbWNV9XaFvVNh9x_c26U-sE3KvoFoaAlO7EALw_wcB&gclsrc=aw.ds&hl=pt_br,2,0,link
125,16670,5/6/2024,10:29:44,Produtos e serviços de IA e machine learning | Google Cloud,https://cloud.google.com/products/ai?utm_source=google&utm_medium=cpc&utm_campaign=latam-BR-all-pt-dr-BKWS-all-all-trial-p-dr-1707800-LUAC0014875&utm_content=text-ad-none-any-DEV_c-CRE_547331812258-ADGP_Hybrid+%7C+BKWS+-+PHR+%7C+Txt_AI+and+ML-General-KWID_43700066537017029-kwd-301796808640&utm_term=KW_google+ai-ST_Google+AI&gad_source=1&gclid=Cj0KCQjw_-GxBhC1ARIsADGgDjulc2yHoCE4NLnlvNx_HXTKvtrbWNV9XaFvVNh9x_c26U-sE3KvoFoaAlO7EALw_wcB&gclsrc=aw.ds&hl=pt_br,2,0,link
126,16666,5/6/2024,10:29:41,google ai studio - Pesquisa Google,https://www.google.com/search?q=google+ai+studio&oq=google+ai+studio&gs_lcrp=EgZjaHJvbWUqBggAEEUYOzIGCAAQRRg7MgYIARBFGEAyBggCEEUYPDIGCAMQRRg8MgYIBBBFGEHSAQg0ODk1ajBqN6gCALACAA&sourceid=chrome&ie=UTF-8,5,0,link
127,16666,5/6/2024,10:29:40,google ai studio - Pesquisa Google,https://www.google.com/search?q=google+ai+studio&oq=google+ai+studio&gs_lcrp=EgZjaHJvbWUqBggAEEUYOzIGCAAQRRg7MgYIARBFGEAyBggCEEUYPDIGCAMQRRg8MgYIBBBFGEHSAQg0ODk1ajBqN6gCALACAA&sourceid=chrome&ie=UTF-8,5,0,generated
128,16624,5/6/2024,10:26:37,Ummy online video downloader - download de videos online,https://ummy.net/pt33ZN/,4,1,link
129,16665,5/6/2024,10:26:32,Azure Monitor documentation - Azure Monitor | Microsoft Learn,https://learn.microsoft.com/en-us/azure/azure-monitor/,2,0,link
130,16665,5/6/2024,10:26:32,Azure Monitor documentation - Azure Monitor | Microsoft Learn,https://learn.microsoft.com/en-us/azure/azure-monitor/,2,0,link
131,16664,5/6/2024,10:24:51,Gemini,https://gemini.google.com/app/8429ebc328fb615e,2,0,link
132,16636,5/6/2024,10:23:28,Gemini,https://gemini.google.com/app,3,0,link
133,16663,5/6/2024,10:18:46,Gemini,https://gemini.google.com/app/510093b2256ec6d9,1,0,link
134,16636,5/6/2024,10:18:09,Gemini,https://gemini.google.com/app,3,0,link
135,16636,5/6/2024,10:18:08,Gemini,https://gemini.google.com/app,3,0,reload
136,16662,5/6/2024,10:01:32,Testes Psicométricos,https://assessments.gupy.io/behavioral/0d62a1970b6443fd9f68b40cf317fee8/results/recruiter,1,0,link
137,16658,5/6/2024,10:01:28,Gupy,https://farmaciasapp.gupy.io/candidates/applications/436222737/steps/2437323026/test/behavioral_V1/result,1,0,link
138,16659,5/6/2024,10:01:28,Gupy,https://farmaciasapp.gupy.io/candidates/applications/436222737/steps/2437323026/test/behavioral_V1/callback,2,0,link
139,16660,5/6/2024,10:01:26,Gupy,https://farmaciasapp.gupy.io/candidates/auth,1,0,link
140,16659,5/6/2024,10:01:25,Gupy,https://farmaciasapp.gupy.io/candidates/applications/436222737/steps/2437323026/test/behavioral_V1/callback,2,0,link
141,16661,5/6/2024,10:01:15,Testes Psicométricos,https://assessments.gupy.io/behavioral/0d62a1970b6443fd9f68b40cf317fee8?utm_source=candidate&utm_medium=portal&utm_campaign=behavioral,1,0,link
142,16657,5/6/2024,10:00:39,Gupy,https://farmaciasapp.gupy.io/candidates/applications/436222737?cvUpdated=true,1,0,link
143,1661,5/6/2024,10:00:27,Olá! – Console do Google Cloud,https://console.cloud.google.com/welcome/new?project=circular-music-417811,2,0,link
144,1661,5/6/2024,10:00:26,Olá! – Console do Google Cloud,https://console.cloud.google.com/welcome/new?project=circular-music-417811,2,0,link
145,16655,5/6/2024,9:58:38,,https://push.getbeamer.com/push?product=nJNsJSdR35967&user_id=59a9806c-4caf-4500-ae35-95976bcc288d&language=PT&ref=https%3A%2F%2Ffarmaciasapp.gupy.io%2Fcandidates%2Fapplications%2F436222737%2Fsteps%2F2437323030%2Fcurriculum,1,0,link
146,16656,5/6/2024,9:58:29,Gupy,https://farmaciasapp.gupy.io/candidates/applications/436222737/steps/2437323030/curriculum,1,0,link
147,16648,5/6/2024,9:58:29,Gupy,https://farmaciasapp.gupy.io/candidates/jobs/7098519/apply?jobBoardSource=gupy_public_page,2,0,link
148,16651,5/6/2024,9:58:21,Gupy,https://farmaciasapp.gupy.io/candidates/auth/linkedin,1,0,form_submit
149,16652,5/6/2024,9:58:15,Autorizar | LinkedIn,https://www.linkedin.com/oauth/v2/login-success?app_id=4226463&auth_type=AC&flow=%7B%22scope%22%3A%22r_liteprofile+r_emailaddress%22%2C%22state%22%3A%22eff393c0-7a34-404c-a172-d17c33b4c3c5%22%2C%22appId%22%3A4226463%2C%22authorizationType%22%3A%22OAUTH2_AUTHORIZATION_CODE%22%2C%22authFlowName%22%3A%22generic-permission-list%22%2C%22currentSubStage%22%3A0%2C%22creationTime%22%3A1715000289753%2C%22redirectUri%22%3A%22https%3A%2F%2Fsecure-v2.gupy.io%2Fcandidates%2Flinkedin%2Fcallback%22%2C%22currentStage%22%3A%22LOGIN_SUCCESS%22%7D,1,0,form_submit
150,16654,5/6/2024,9:58:10,Entrar ou cadastrar-se no LinkedIn | LinkedIn,https://www.linkedin.com/uas/login?session_redirect=%2Foauth%2Fv2%2Flogin-success%3Fapp_id%3D4226463%26auth_type%3DAC%26flow%3D%257B%2522scope%2522%253A%2522r_liteprofile%2Br_emailaddress%2522%252C%2522state%2522%253A%2522eff393c0-7a34-404c-a172-d17c33b4c3c5%2522%252C%2522appId%2522%253A4226463%252C%2522authorizationType%2522%253A%2522OAUTH2_AUTHORIZATION_CODE%2522%252C%2522authFlowName%2522%253A%2522generic-permission-list%2522%252C%2522currentSubStage%2522%253A0%252C%2522creationTime%2522%253A1715000289753%252C%2522redirectUri%2522%253A%2522https%253A%252F%252Fsecure-v2.gupy.io%252Fcandidates%252Flinkedin%252Fcallback%2522%252C%2522currentStage%2522%253A%2522LOGIN_SUCCESS%2522%257D&fromSignIn=1&trk=oauth&cancel_redirect=%2Foauth%2Fv2%2Flogin-cancel%3Fapp_id%3D4226463%26auth_type%3DAC%26flow%3D%257B%2522scope%2522%253A%2522r_liteprofile%2Br_emailaddress%2522%252C%2522state%2522%253A%2522eff393c0-7a34-404c-a172-d17c33b4c3c5%2522%252C%2522appId%2522%253A4226463%252C%2522authorizationType%2522%253A%2522OAUTH2_AUTHORIZATION_CODE%2522%252C%2522authFlowName%2522%253A%2522generic-permission-list%2522%252C%2522currentSubStage%2522%253A0%252C%2522creationTime%2522%253A1715000289753%252C%2522redirectUri%2522%253A%2522https%253A%252F%252Fsecure-v2.gupy.io%252Fcandidates%252Flinkedin%252Fcallback%2522%252C%2522currentStage%2522%253A%2522LOGIN_SUCCESS%2522%257D,1,0,link
151,16647,5/6/2024,9:58:06,Gupy,https://farmaciasapp.gupy.io/candidates/signin,1,0,link
152,16648,5/6/2024,9:57:59,Gupy,https://farmaciasapp.gupy.io/candidates/jobs/7098519/apply?jobBoardSource=gupy_public_page,2,0,link
153,16649,5/6/2024,9:57:52,Página da Vaga | Analista de Dados PL,https://farmaciasapp.gupy.io/jobs/7098519?jobBoardSource=gupy_public_page,1,0,link
154,16640,5/6/2024,9:54:46,Google Developer Profile  |  Google for Developers,https://developers.google.com/profile/u/marcio_estevam?hl=pt-br&utm_source=cloud.google.com,2,0,link
155,16646,5/6/2024,9:45:16,Shortcut Keys Mouse Pad,https://kicklo.com/products/shortcut-keys-mouse-pad?ref=4_D8HvQNpn8Um7,1,0,link
156,16645,5/6/2024,9:39:50,Histórico_Google - Jupyter Notebook,http://localhost:8888/notebooks/Hist%C3%B3rico_Google.ipynb,1,0,link
157,16644,5/6/2024,9:39:04,Quick Chrome History Export,https://chromewebstore.google.com/detail/quick-chrome-history-expo/hdfpifhfphhgjipcnfnolgalplokmmge?pli=1,2,0,link
158,16641,5/6/2024,9:39:04,Quick Chrome History Export,https://chromewebstore.google.com/detail/quick-chrome-history-expo/hdfpifhfphhgjipcnfnolgalplokmmge,4,0,link
159,16644,5/6/2024,9:39:04,Quick Chrome History Export,https://chromewebstore.google.com/detail/quick-chrome-history-expo/hdfpifhfphhgjipcnfnolgalplokmmge?pli=1,2,0,link
160,16640,5/6/2024,9:36:31,Google Developer Profile  |  Google for Developers,https://developers.google.com/profile/u/marcio_estevam?hl=pt-br&utm_source=cloud.google.com,2,0,link
161,16639,5/6/2024,9:35:48,Google Cloud Innovators,https://cloud.google.com/innovators?hl=pt-br,1,0,link
162,16638,5/6/2024,9:35:09,Create a New Pen,https://codepen.io/pen/,2,0,link
163,16638,5/6/2024,9:35:08,Create a New Pen,https://codepen.io/pen/,2,0,link
164,16637,5/6/2024,9:34:39,naive_sentiment_classification,https://www.kaggle.com/code/thehustler2003/naive-sentiment-classification/input,4,0,link
165,16637,5/6/2024,9:34:39,naive_sentiment_classification,https://www.kaggle.com/code/thehustler2003/naive-sentiment-classification/input,4,0,link
166,16637,5/6/2024,9:34:39,naive_sentiment_classification,https://www.kaggle.com/code/thehustler2003/naive-sentiment-classification/input,4,0,link
167,16637,5/6/2024,9:34:38,naive_sentiment_classification,https://www.kaggle.com/code/thehustler2003/naive-sentiment-classification/input,4,0,link
168,16636,5/6/2024,9:34:13,Gemini,https://gemini.google.com/app,3,0,link
169,16635,5/6/2024,9:34:11,‎Gemini: conversas que vão potencializar suas ideias,https://gemini.google.com/,1,0,link
170,16634,5/6/2024,9:33:54,Get API key | Google AI Studio,https://aistudio.google.com/app/apikey?utm_source=website&utm_medium=referral&utm_campaign=Alura&utm_content=,1,0,link
171,16633,5/6/2024,9:33:53,Google AI Studio,https://aistudio.google.com/app/apikey/?utm_source=website&utm_medium=referral&utm_campaign=Alura&utm_content=,1,0,link
172,16580,5/6/2024,9:33:03,Uso inicial - testes | Google AI Studio,https://aistudio.google.com/app/prompts/1MJvlHkJLyPsuQ74T1wjeKQ0R8wlljzz5,2,0,link
173,16600,5/6/2024,9:32:44,Untitled prompt | Google AI Studio,https://aistudio.google.com/app/prompts/new_chat?utm_source=website&utm_medium=referral&utm_campaign=Alura&utm_content=,4,0,link
174,16601,5/6/2024,9:32:42,Google AI Studio,https://aistudio.google.com/app/prompts/new_chat/?utm_source=website&utm_medium=referral&utm_campaign=Alura&utm_content=,2,0,link
175,16632,5/6/2024,9:32:09,Untitled - Jupyter Notebook,http://localhost:8888/notebooks/Untitled.ipynb?kernel_name=python3,2,0,link
176,16631,5/6/2024,9:31:30,Home Page - Select or create a notebook,http://localhost:8888/tree,1,1,typed
177,16630,5/6/2024,9:31:29,Opening Jupyter Notebook,file:///home/marcio-estevam/.local/share/jupyter/runtime/nbserver-10323-open.html,1,0,auto_toplevel
178,16629,5/6/2024,9:27:46,Opening Jupyter Notebook,file:///home/marcio-estevam/.local/share/jupyter/runtime/nbserver-9919-open.html,1,0,auto_toplevel
179,16628,5/6/2024,9:27:02,,chrome-extension://fnpbeacklnhmkkilekogeiekaglbmmka/content/ui/blockedPage.html?originalURL=https://agamantykeon.com/4/3153670&reportURL=https://safeweb.norton.com/report/show?url=https://agamantykeon.com/4/3153670&ulang=pt_br&blockPageType=malicious&continueToSiteURL=https://agamantykeon.com/4/3153670,1,0,link
180,16627,5/6/2024,9:27:02,Redirect,https://agamantykeon.com/4/3153670,1,0,link
181,16626,5/6/2024,9:27:01,chrome-extension://fnpbeacklnhmkkilekogeiekaglbmmka/content/ui/blockedPage.html?originalURL=https://agamantykeon.com/4/3153670&blockPageType=IPS&IpsSignature=31349#,chrome-extension://fnpbeacklnhmkkilekogeiekaglbmmka/content/ui/blockedPage.html?originalURL=https://agamantykeon.com/4/3153670&blockPageType=IPS&IpsSignature=31349#,1,0,link
182,16625,5/6/2024,9:26:59,,chrome-extension://fnpbeacklnhmkkilekogeiekaglbmmka/content/ui/blockedPage.html?originalURL=https://agamantykeon.com/4/3153670&blockPageType=IPS&IpsSignature=31349,1,0,link
183,16624,5/6/2024,9:26:36,Ummy online video downloader - download de videos online,https://ummy.net/pt33ZN/,4,1,typed
184,16623,5/6/2024,9:26:18,Como baixar vídeos do YouTube sem programas e totalmente de graça,https://www.techtudo.com.br/dicas-e-tutoriais/2024/04/como-baixar-videos-do-youtube-sem-programas-e-totalmente-de-graca-edsoftwares.ghtml,5,0,link
185,16623,5/6/2024,9:26:18,Como baixar vídeos do YouTube sem programas e totalmente de graça,https://www.techtudo.com.br/dicas-e-tutoriais/2024/04/como-baixar-videos-do-youtube-sem-programas-e-totalmente-de-graca-edsoftwares.ghtml,5,0,link
186,16623,5/6/2024,9:26:08,Como baixar vídeos do YouTube sem programas e totalmente de graça,https://www.techtudo.com.br/dicas-e-tutoriais/2024/04/como-baixar-videos-do-youtube-sem-programas-e-totalmente-de-graca-edsoftwares.ghtml,5,0,link
187,16623,5/6/2024,9:25:36,Como baixar vídeos do YouTube sem programas e totalmente de graça,https://www.techtudo.com.br/dicas-e-tutoriais/2024/04/como-baixar-videos-do-youtube-sem-programas-e-totalmente-de-graca-edsoftwares.ghtml,5,0,link
188,16623,5/6/2024,9:25:35,Como baixar vídeos do YouTube sem programas e totalmente de graça,https://www.techtudo.com.br/dicas-e-tutoriais/2024/04/como-baixar-videos-do-youtube-sem-programas-e-totalmente-de-graca-edsoftwares.ghtml,5,0,link
189,16616,5/6/2024,9:25:31,baixar video youtube - Pesquisa Google,https://www.google.com/search?q=baixar+video+youtube&oq=baixar+video+youtube&gs_lcrp=EgZjaHJvbWUyBggAEEUYOdIBCDUzNjdqMGo3qAIAsAIA&sourceid=chrome&ie=UTF-8,4,0,generated
190,16622,5/6/2024,9:25:12,,chrome-extension://fnpbeacklnhmkkilekogeiekaglbmmka/content/ui/blockedPage.html?originalURL=https://gloogruk.com/4/4683427&reportURL=https://safeweb.norton.com/report/show?url=https://gloogruk.com/4/4683427&ulang=pt_br&blockPageType=malicious&continueToSiteURL=https://gloogruk.com/4/4683427,1,0,link
191,16621,5/6/2024,9:25:11,Redirect,https://gloogruk.com/4/4683427,1,0,link
192,16619,5/6/2024,9:24:59,YouTube 1080p Video Downloader,https://downloaderto.com/ptZy/,1,0,link
193,16616,5/6/2024,9:24:55,baixar video youtube - Pesquisa Google,https://www.google.com/search?q=baixar+video+youtube&oq=baixar+video+youtube&gs_lcrp=EgZjaHJvbWUyBggAEEUYOdIBCDUzNjdqMGo3qAIAsAIA&sourceid=chrome&ie=UTF-8,4,0,generated
194,16618,5/6/2024,9:24:54,,chrome-extension://fnpbeacklnhmkkilekogeiekaglbmmka/content/ui/blockedPage.html?originalURL=https://y2meta.mobi/pt/&reportURL=https://safeweb.norton.com/report/show?url=https://y2meta.mobi/pt/&ulang=pt_br&blockPageType=malicious&continueToSiteURL=https://y2meta.mobi/pt/,1,0,link
195,16617,5/6/2024,9:24:53,Y2meta - Baixador do YouTube | Baixar vídeo do YouTube grátis,https://y2meta.mobi/pt/,1,0,link
196,16616,5/6/2024,9:24:47,baixar video youtube - Pesquisa Google,https://www.google.com/search?q=baixar+video+youtube&oq=baixar+video+youtube&gs_lcrp=EgZjaHJvbWUyBggAEEUYOdIBCDUzNjdqMGo3qAIAsAIA&sourceid=chrome&ie=UTF-8,4,0,link
197,16616,5/6/2024,9:24:47,baixar video youtube - Pesquisa Google,https://www.google.com/search?q=baixar+video+youtube&oq=baixar+video+youtube&gs_lcrp=EgZjaHJvbWUyBggAEEUYOdIBCDUzNjdqMGo3qAIAsAIA&sourceid=chrome&ie=UTF-8,4,0,generated
198,16593,5/6/2024,9:22:48,Imersões | Alura - Cursos online de tecnologia,https://cursos.alura.com.br/imersoes/aulas/aula-1-mergulhando-no-gemini-a-ia-do-google-c128,3,0,link
199,16615,5/6/2024,9:22:31,Imersão Inteligência Artificial 2ª Edição | Alura - Cursos online de tecnologia,https://cursos.alura.com.br/imersao?utm_campaign=imersao-ia-google&utm_medium=email&_hsenc=p2ANqtz--_BYNTT05yQUMo481A9Z2wmHoobV4POmMaiElXmKgL7c9S9ouWly5gYlqtcWsDU3dQs9HfQ-fCAgXiS7dqbKrlYwVk8A&_hsmi=305564933&utm_content=aula-01&utm_source=hubspot,1,0,link
200,205,5/6/2024,9:21:05,Dashboard | Alura - Cursos online de tecnologia,https://cursos.alura.com.br/dashboard,1,0,auto_bookmark
201,16593,5/6/2024,8:08:25,Imersões | Alura - Cursos online de tecnologia,https://cursos.alura.com.br/imersoes/aulas/aula-1-mergulhando-no-gemini-a-ia-do-google-c128,3,0,reload
202,16593,5/6/2024,8:07:09,Imersões | Alura - Cursos online de tecnologia,https://cursos.alura.com.br/imersoes/aulas/aula-1-mergulhando-no-gemini-a-ia-do-google-c128,3,0,link
203,16594,5/6/2024,8:06:53,Login | Alura - Cursos online de tecnologia,https://cursos.alura.com.br/imersao?utm_campaign=imersao-ia-google&utm_medium=email&_hsenc=p2ANqtz-_Teg4J1t6EncuEfEAPUq-stRgiiLp_lbfdzQDf64Ujb_KH9VwVumRwf8ukZprRjvQLeSl9RQMiZOrihkSXNHCoJS1jMw&_hsmi=305564933&utm_content=aula-01&utm_source=hubspot,2,0,form_submit
204,16594,5/6/2024,8:06:49,Login | Alura - Cursos online de tecnologia,https://cursos.alura.com.br/imersao?utm_campaign=imersao-ia-google&utm_medium=email&_hsenc=p2ANqtz-_Teg4J1t6EncuEfEAPUq-stRgiiLp_lbfdzQDf64Ujb_KH9VwVumRwf8ukZprRjvQLeSl9RQMiZOrihkSXNHCoJS1jMw&_hsmi=305564933&utm_content=aula-01&utm_source=hubspot,2,0,link
205,16596,5/6/2024,8:06:49,Login | Alura - Cursos online de tecnologia,https://cursos.alura.com.br/loginForm?urlAfterLogin=%5BaHR0cHM6Ly9jdXJzb3MuYWx1cmEuY29tLmJyL2ltZXJzYW8_dXRtX2NhbXBhaWduPWltZXJzYW8taWEtZ29vZ2xlJnV0bV9tZWRpdW09ZW1haWwmX2hzZW5jPXAyQU5xdHotX1RlZzRKMXQ2RW5jdUVmRUFQVXEtc3RSZ2lpTHBfbGJmZHpRRGY2NFVqYl9LSDlWd1Z1bVJ3Zjh1a1pwclJqdlFMZVNsOVJRTWlaT3JpaGtTWE5IQ29KUzFqTXcmX2hzbWk9MzA1NTY0OTMzJnV0bV9jb250ZW50PWF1bGEtMDEmdXRtX3NvdXJjZT1odWJzcG90%5D,1,0,link
206,16598,5/6/2024,0:34:37,"O que é IA Generativa? GPT, ChatGPT e Midjourney | Alura",https://www.alura.com.br/artigos/inteligencia-artificial-ia-generativa-chatgpt-gpt-midjourney?utm_source=notionmaterial-rico&utm_content=guia-de-mergulho-imersao-ia&utm_campaign=imersao-ia-google,1,0,link
207,16599,5/6/2024,0:34:28,"Inteligência Artificial: o que é, como funciona e Guia de IA | Alura",https://www.alura.com.br/artigos/inteligencia-artificial-ia?utm_source=notionmaterial-rico&utm_content=guia-de-mergulho-imersao-ia&utm_campaign=imersao-ia-google,1,0,link
208,16600,5/6/2024,0:27:05,Untitled prompt | Google AI Studio,https://aistudio.google.com/app/prompts/new_chat?utm_source=website&utm_medium=referral&utm_campaign=Alura&utm_content=,4,0,link
209,16600,5/6/2024,0:27:05,Untitled prompt | Google AI Studio,https://aistudio.google.com/app/prompts/new_chat?utm_source=website&utm_medium=referral&utm_campaign=Alura&utm_content=,4,0,link
210,16580,5/6/2024,0:26:55,Uso inicial - testes | Google AI Studio,https://aistudio.google.com/app/prompts/1MJvlHkJLyPsuQ74T1wjeKQ0R8wlljzz5,2,0,link
211,16600,5/6/2024,0:26:36,Untitled prompt | Google AI Studio,https://aistudio.google.com/app/prompts/new_chat?utm_source=website&utm_medium=referral&utm_campaign=Alura&utm_content=,4,0,link
212,16601,5/6/2024,0:26:34,Google AI Studio,https://aistudio.google.com/app/prompts/new_chat/?utm_source=website&utm_medium=referral&utm_campaign=Alura&utm_content=,2,0,link
213,16602,5/6/2024,0:24:18,O que é o Google Gemini e o que esse modelo de IA é capaz de fazer — com exemplo prático | Alura,https://www.alura.com.br/artigos/google-gemini?utm_source=notion&utm_medium=material-rico&utm_content=guia-de-mergulho&utm_campaign=imersao-ia-google,1,0,link
214,16603,5/6/2024,0:20:30,Imersão IA [Guia de Mergulho],https://grupoalura.notion.site/Imers-o-IA-Guia-de-Mergulho-41ae5fadd8fd47899167a115e96244d9#ebc1d1d315b442299c5b94ea97269fbb,1,0,link
215,16604,5/6/2024,0:20:29,Imersão IA [Guia de Mergulho],https://grupoalura.notion.site/41ae5fadd8fd47899167a115e96244d9?pvs=25#ebc1d1d315b442299c5b94ea97269fbb,1,0,link
216,16605,5/6/2024,0:20:02,Imersão IA [Guia de Mergulho],https://grupoalura.notion.site/Imers-o-IA-Guia-de-Mergulho-41ae5fadd8fd47899167a115e96244d9,1,0,link
217,16606,5/6/2024,0:17:39,perturbação do sossego - Pesquisa Google,https://www.google.com/search?q=perturba%C3%A7%C3%A3o+do+sossego&oq=perturba%C3%A7%C3%A3o+do+sossego+&gs_lcrp=EgZjaHJvbWUyBggAEEUYOdIBCDg1MTdqMGo3qAIAsAIB&client=ms-android-motorola-rvo3&sourceid=chrome-mobile&ie=UTF-8,3,0,reload
218,16606,5/5/2024,21:31:26,perturbação do sossego - Pesquisa Google,https://www.google.com/search?q=perturba%C3%A7%C3%A3o+do+sossego&oq=perturba%C3%A7%C3%A3o+do+sossego+&gs_lcrp=EgZjaHJvbWUyBggAEEUYOdIBCDg1MTdqMGo3qAIAsAIB&client=ms-android-motorola-rvo3&sourceid=chrome-mobile&ie=UTF-8,3,0,generated
219,16608,5/5/2024,21:31:15,Juiz orienta sobre como proceder em casos de perturbações do sossego e poluição sonora,https://www.tjap.jus.br/portal/noticias/juiz-orienta-sobre-como-proceder-em-casos-de-perturbacoes-do-sossego-e-poluicao-sonora.html,1,0,link
220,16606,5/5/2024,21:30:59,perturbação do sossego - Pesquisa Google,https://www.google.com/search?q=perturba%C3%A7%C3%A3o+do+sossego&oq=perturba%C3%A7%C3%A3o+do+sossego+&gs_lcrp=EgZjaHJvbWUyBggAEEUYOdIBCDg1MTdqMGo3qAIAsAIB&client=ms-android-motorola-rvo3&sourceid=chrome-mobile&ie=UTF-8,3,0,generated
221,16612,5/5/2024,19:00:27,"Funko Fusion Announces Release Date and Names Jurassic World, Back to the Future, and Other IPs Appearing in Game - IGN",https://www.ign.com/articles/funko-fusion-announces-release-date-and-names-jurassic-world-back-to-the-future-and-other-ips-appearing-in-game,1,0,link
